"HashMapFixture/SingleReadForHLE/128/1/1/0/real_time/threads:8",4522592,156.337,1134.35,ns,,,,,
"HashMapFixture/SingleReadForHLE/128/1/1/25/real_time/threads:8",4404208,153.488,1118.74,ns,,,,,
"HashMapFixture/SingleReadForHLE/128/1/1/50/real_time/threads:8",4407272,167.67,1206.21,ns,,,,,
"HashMapFixture/SingleReadForHLE/128/1/1/75/real_time/threads:8",4375608,163.447,1181.68,ns,,,,,
"HashMapFixture/SingleReadForHLE/128/1/1/100/real_time/threads:8",4480864,153.07,1117.78,ns,,,,,
"HashMapFixture/SingleReadForHLE/128/1/2/0/real_time/threads:8",4656104,157.851,1147.83,ns,,,,,
"HashMapFixture/SingleReadForHLE/128/1/2/25/real_time/threads:8",4511760,141.326,1038.53,ns,,,,,
"HashMapFixture/SingleReadForHLE/128/1/2/50/real_time/threads:8",4972872,150.992,1102.07,ns,,,,,
"HashMapFixture/SingleReadForHLE/128/1/2/75/real_time/threads:8",4730208,148.818,1078.1,ns,,,,,
"HashMapFixture/SingleReadForHLE/128/1/2/100/real_time/threads:8",4831968,145.649,1060.13,ns,,,,,
"HashMapFixture/SingleReadForHLE/128/1/4/0/real_time/threads:8",52326792,12.6755,99.4453,ns,,,,,
"HashMapFixture/SingleReadForHLE/128/1/4/25/real_time/threads:8",48539048,11.8787,93.513,ns,,,,,
"HashMapFixture/SingleReadForHLE/128/1/4/50/real_time/threads:8",54899200,12.0289,94.7988,ns,,,,,
"HashMapFixture/SingleReadForHLE/128/1/4/75/real_time/threads:8",55045672,12.2473,96.2548,ns,,,,,
"HashMapFixture/SingleReadForHLE/128/1/4/100/real_time/threads:8",54844280,13.1055,102.844,ns,,,,,
"HashMapFixture/SingleReadForHLE/128/1/8/0/real_time/threads:8",1758352,399.733,2802.04,ns,,,,,
"HashMapFixture/SingleReadForHLE/128/1/8/25/real_time/threads:8",1702392,396.684,2813.47,ns,,,,,
"HashMapFixture/SingleReadForHLE/128/1/8/50/real_time/threads:8",1738888,406.325,2854.76,ns,,,,,
"HashMapFixture/SingleReadForHLE/128/1/8/75/real_time/threads:8",1747200,392.172,2722.13,ns,,,,,
"HashMapFixture/SingleReadForHLE/128/1/8/100/real_time/threads:8",1756240,397.083,2820.48,ns,,,,,
"HashMapFixture/SingleReadForHLE/128/1/16/0/real_time/threads:8",24287840,28.7787,226.38,ns,,,,,
"HashMapFixture/SingleReadForHLE/128/1/16/25/real_time/threads:8",24074464,28.8731,226.336,ns,,,,,
"HashMapFixture/SingleReadForHLE/128/1/16/50/real_time/threads:8",24272856,28.8463,226.169,ns,,,,,
"HashMapFixture/SingleReadForHLE/128/1/16/75/real_time/threads:8",24284464,28.801,226.141,ns,,,,,
"HashMapFixture/SingleReadForHLE/128/1/16/100/real_time/threads:8",24103976,28.7618,226.026,ns,,,,,
"HashMapFixture/SingleReadForHLE/128/1/1/0/real_time/threads:64",5161088,156.3,1253.25,ns,,,,,
"HashMapFixture/SingleReadForHLE/128/1/1/25/real_time/threads:64",5072704,150.252,1224.46,ns,,,,,
"HashMapFixture/SingleReadForHLE/128/1/1/50/real_time/threads:64",5188544,156.846,1245.89,ns,,,,,
"HashMapFixture/SingleReadForHLE/128/1/1/75/real_time/threads:64",5147264,154.615,1238.42,ns,,,,,
"HashMapFixture/SingleReadForHLE/128/1/1/100/real_time/threads:64",5181760,145.761,1176.89,ns,,,,,
"HashMapFixture/SingleReadForHLE/128/1/2/0/real_time/threads:64",5675264,142.114,1141.93,ns,,,,,
"HashMapFixture/SingleReadForHLE/128/1/2/25/real_time/threads:64",5774144,146.35,1170.59,ns,,,,,
"HashMapFixture/SingleReadForHLE/128/1/2/50/real_time/threads:64",5425088,145.168,1164.22,ns,,,,,
"HashMapFixture/SingleReadForHLE/128/1/2/75/real_time/threads:64",5749504,141.839,1141.24,ns,,,,,
"HashMapFixture/SingleReadForHLE/128/1/2/100/real_time/threads:64",5633344,139.368,1124.02,ns,,,,,
"HashMapFixture/SingleReadForHLE/128/1/4/0/real_time/threads:64",17229888,56.331,502.315,ns,,,,,
"HashMapFixture/SingleReadForHLE/128/1/4/25/real_time/threads:64",14958080,47.0745,474.708,ns,,,,,
"HashMapFixture/SingleReadForHLE/128/1/4/50/real_time/threads:64",22588608,52.3147,487.531,ns,,,,,
"HashMapFixture/SingleReadForHLE/128/1/4/75/real_time/threads:64",16204672,66.1482,618.124,ns,,,,,
"HashMapFixture/SingleReadForHLE/128/1/4/100/real_time/threads:64",13685504,60.8722,573.619,ns,,,,,
"HashMapFixture/SingleReadForHLE/128/1/8/0/real_time/threads:64",1931264,373.383,2993.63,ns,,,,,
"HashMapFixture/SingleReadForHLE/128/1/8/25/real_time/threads:64",1938752,378.054,3027.72,ns,,,,,
"HashMapFixture/SingleReadForHLE/128/1/8/50/real_time/threads:64",1943104,378.797,3046.78,ns,,,,,
"HashMapFixture/SingleReadForHLE/128/1/8/75/real_time/threads:64",1940864,377.624,3021.86,ns,,,,,
"HashMapFixture/SingleReadForHLE/128/1/8/100/real_time/threads:64",1903232,378.528,3036.69,ns,,,,,
"HashMapFixture/SingleReadForHLE/128/1/16/0/real_time/threads:64",36279936,23.5686,227.543,ns,,,,,
"HashMapFixture/SingleReadForHLE/128/1/16/25/real_time/threads:64",35088832,23.1866,227.873,ns,,,,,
"HashMapFixture/SingleReadForHLE/128/1/16/50/real_time/threads:64",35020672,24.3226,227.467,ns,,,,,
"HashMapFixture/SingleReadForHLE/128/1/16/75/real_time/threads:64",35319680,22.9357,230.151,ns,,,,,
"HashMapFixture/SingleReadForHLE/128/1/16/100/real_time/threads:64",35840704,26.1016,227.498,ns,,,,,
"HashMapFixture/RandomReadWrite/2048/4/1/0/real_time/threads:4",1401208,502.401,2015.93,ns,,,,,
"HashMapFixture/RandomReadWrite/2048/4/1/0/real_time/threads:8",800000,667.634,4989.21,ns,,,,,
"HashMapFixture/RandomReadWrite/2048/4/1/0/real_time/threads:16",967104,690.626,4629.95,ns,,,,,
"HashMapFixture/RandomReadWrite/2048/4/2/0/real_time/threads:4",1466740,483.201,1941.96,ns,,,,,
"HashMapFixture/RandomReadWrite/2048/4/2/0/real_time/threads:8",2301808,297.396,2343.05,ns,,,,,
"HashMapFixture/RandomReadWrite/2048/4/2/0/real_time/threads:16",2068608,380.171,2384.13,ns,,,,,
"HashMapFixture/RandomReadWrite/2048/4/4/0/real_time/threads:4",1567504,445.234,1789.01,ns,,,,,
"HashMapFixture/RandomReadWrite/2048/4/4/0/real_time/threads:8",2607512,262.761,2080.46,ns,,,,,
"HashMapFixture/RandomReadWrite/2048/4/4/0/real_time/threads:16",2116336,398.44,3318.18,ns,,,,,
"HashMapFixture/RandomReadWrite/2048/4/8/0/real_time/threads:4",315268,2216.9,8923.14,ns,,,,,
"HashMapFixture/RandomReadWrite/2048/4/8/0/real_time/threads:8",468880,1459.79,11566.9,ns,,,,,
"HashMapFixture/RandomReadWrite/2048/4/8/0/real_time/threads:16",487280,1515.68,11627.5,ns,,,,,
"HashMapFixture/RandomReadWrite/2048/4/16/0/real_time/threads:4",1392080,502.349,2021.67,ns,,,,,
"HashMapFixture/RandomReadWrite/2048/4/16/0/real_time/threads:8",2240824,313.849,2476.02,ns,,,,,
"HashMapFixture/RandomReadWrite/2048/4/16/0/real_time/threads:16",2610704,287.37,2479.77,ns,,,,,
"HashMapFixture/RandomReadWrite/2048/4/1/25/real_time/threads:4",1381540,491.838,1972.4,ns,,,,,
"HashMapFixture/RandomReadWrite/2048/4/1/25/real_time/threads:8",1250608,541.87,4103.04,ns,,,,,
"HashMapFixture/RandomReadWrite/2048/4/1/25/real_time/threads:16",1118112,647.485,4226.57,ns,,,,,
"HashMapFixture/RandomReadWrite/2048/4/2/25/real_time/threads:4",1471312,467.986,1881.62,ns,,,,,
"HashMapFixture/RandomReadWrite/2048/4/2/25/real_time/threads:8",2379896,301.229,2353.75,ns,,,,,
"HashMapFixture/RandomReadWrite/2048/4/2/25/real_time/threads:16",2167712,368.602,2360.96,ns,,,,,
"HashMapFixture/RandomReadWrite/2048/4/4/25/real_time/threads:4",1603832,437.658,1755.89,ns,,,,,
"HashMapFixture/RandomReadWrite/2048/4/4/25/real_time/threads:8",2700944,259.45,2038.79,ns,,,,,
"HashMapFixture/RandomReadWrite/2048/4/4/25/real_time/threads:16",1600000,471.748,3770.35,ns,,,,,
"HashMapFixture/RandomReadWrite/2048/4/8/25/real_time/threads:4",356908,1958.92,7878.5,ns,,,,,
"HashMapFixture/RandomReadWrite/2048/4/8/25/real_time/threads:8",541792,1299.79,10238.6,ns,,,,,
"HashMapFixture/RandomReadWrite/2048/4/8/25/real_time/threads:16",536448,1363.44,10280.7,ns,,,,,
"HashMapFixture/RandomReadWrite/2048/4/16/25/real_time/threads:4",1389264,504.647,2030.33,ns,,,,,
"HashMapFixture/RandomReadWrite/2048/4/16/25/real_time/threads:8",2257072,312.733,2467.66,ns,,,,,
"HashMapFixture/RandomReadWrite/2048/4/16/25/real_time/threads:16",2413120,276.462,2471.18,ns,,,,,
"HashMapFixture/RandomReadWrite/2048/4/1/50/real_time/threads:4",1447788,504.821,2024.7,ns,,,,,
"HashMapFixture/RandomReadWrite/2048/4/1/50/real_time/threads:8",1334160,558.475,4212.48,ns,,,,,
"HashMapFixture/RandomReadWrite/2048/4/1/50/real_time/threads:16",1182784,636.04,4139.51,ns,,,,,
"HashMapFixture/RandomReadWrite/2048/4/2/50/real_time/threads:4",1492780,462.714,1860.28,ns,,,,,
"HashMapFixture/RandomReadWrite/2048/4/2/50/real_time/threads:8",2418032,293.568,2304.31,ns,,,,,
"HashMapFixture/RandomReadWrite/2048/4/2/50/real_time/threads:16",2094512,360.463,2319.81,ns,,,,,
"HashMapFixture/RandomReadWrite/2048/4/4/50/real_time/threads:4",1625128,430.322,1728.74,ns,,,,,
"HashMapFixture/RandomReadWrite/2048/4/4/50/real_time/threads:8",2701632,254.29,2011.18,ns,,,,,
"HashMapFixture/RandomReadWrite/2048/4/4/50/real_time/threads:16",1600000,456.576,3717.47,ns,,,,,
"HashMapFixture/RandomReadWrite/2048/4/8/50/real_time/threads:4",415656,1674.48,6728.75,ns,,,,,
"HashMapFixture/RandomReadWrite/2048/4/8/50/real_time/threads:8",641848,1118.15,8703.82,ns,,,,,
"HashMapFixture/RandomReadWrite/2048/4/8/50/real_time/threads:16",628032,1204.5,8750.14,ns,,,,,
"HashMapFixture/RandomReadWrite/2048/4/16/50/real_time/threads:4",1379248,505.084,2030.85,ns,,,,,
"HashMapFixture/RandomReadWrite/2048/4/16/50/real_time/threads:8",2247568,311.067,2453.03,ns,,,,,
"HashMapFixture/RandomReadWrite/2048/4/16/50/real_time/threads:16",2565232,300.085,2462.24,ns,,,,,
"HashMapFixture/RandomReadWrite/2048/4/1/75/real_time/threads:4",1331848,471.691,1893.53,ns,,,,,
"HashMapFixture/RandomReadWrite/2048/4/1/75/real_time/threads:8",1419920,503.607,3814.09,ns,,,,,
"HashMapFixture/RandomReadWrite/2048/4/1/75/real_time/threads:16",1204912,589.83,3811.78,ns,,,,,
"HashMapFixture/RandomReadWrite/2048/4/2/75/real_time/threads:4",1522808,466.147,1872.73,ns,,,,,
"HashMapFixture/RandomReadWrite/2048/4/2/75/real_time/threads:8",2401400,285.114,2235.24,ns,,,,,
"HashMapFixture/RandomReadWrite/2048/4/2/75/real_time/threads:16",2154464,359.654,2265.44,ns,,,,,
"HashMapFixture/RandomReadWrite/2048/4/4/75/real_time/threads:4",1660440,418.678,1682.47,ns,,,,,
"HashMapFixture/RandomReadWrite/2048/4/4/75/real_time/threads:8",2801328,250.167,1962.19,ns,,,,,
"HashMapFixture/RandomReadWrite/2048/4/4/75/real_time/threads:16",2325200,297.933,2469.19,ns,,,,,
"HashMapFixture/RandomReadWrite/2048/4/8/75/real_time/threads:4",459124,1373.47,5514.52,ns,,,,,
"HashMapFixture/RandomReadWrite/2048/4/8/75/real_time/threads:8",778576,902.255,7116.51,ns,,,,,
"HashMapFixture/RandomReadWrite/2048/4/8/75/real_time/threads:16",726224,995.824,7176.85,ns,,,,,
"HashMapFixture/RandomReadWrite/2048/4/16/75/real_time/threads:4",1379392,504.54,2028.21,ns,,,,,
"HashMapFixture/RandomReadWrite/2048/4/16/75/real_time/threads:8",2241976,311.329,2440.55,ns,,,,,
"HashMapFixture/RandomReadWrite/2048/4/16/75/real_time/threads:16",2331552,290.051,2441.73,ns,,,,,
"HashMapFixture/RandomReadWrite/2048/4/1/100/real_time/threads:4",1499012,504.685,2021.92,ns,,,,,
"HashMapFixture/RandomReadWrite/2048/4/1/100/real_time/threads:8",1640568,420.198,3218.2,ns,,,,,
"HashMapFixture/RandomReadWrite/2048/4/1/100/real_time/threads:16",1374544,534.959,3397.4,ns,,,,,
"HashMapFixture/RandomReadWrite/2048/4/2/100/real_time/threads:4",1552228,448.86,1805.87,ns,,,,,
"HashMapFixture/RandomReadWrite/2048/4/2/100/real_time/threads:8",2531472,278.585,2195.97,ns,,,,,
"HashMapFixture/RandomReadWrite/2048/4/2/100/real_time/threads:16",1600000,339.45,2227.8,ns,,,,,
"HashMapFixture/RandomReadWrite/2048/4/4/100/real_time/threads:4",1704892,405.975,1631.7,ns,,,,,
"HashMapFixture/RandomReadWrite/2048/4/4/100/real_time/threads:8",2863792,242.884,1904.31,ns,,,,,
"HashMapFixture/RandomReadWrite/2048/4/4/100/real_time/threads:16",1600000,339.015,2785.31,ns,,,,,
"HashMapFixture/RandomReadWrite/2048/4/8/100/real_time/threads:4",658568,1029.93,4135.05,ns,,,,,
"HashMapFixture/RandomReadWrite/2048/4/8/100/real_time/threads:8",987736,688.831,5402.47,ns,,,,,
"HashMapFixture/RandomReadWrite/2048/4/8/100/real_time/threads:16",925440,788.529,5529.77,ns,,,,,
"HashMapFixture/RandomReadWrite/2048/4/16/100/real_time/threads:4",1378128,505.636,2032.83,ns,,,,,
"HashMapFixture/RandomReadWrite/2048/4/16/100/real_time/threads:8",2323168,304.149,2404.43,ns,,,,,
"HashMapFixture/RandomReadWrite/2048/4/16/100/real_time/threads:16",2407520,283.436,2411.44,ns,,,,,
"HashMapFixture/RandomReadWrite/2048/64/1/0/real_time/threads:4",87776,7866.02,31549.5,ns,,,,,
"HashMapFixture/RandomReadWrite/2048/64/1/0/real_time/threads:8",79656,9139.85,68938.6,ns,,,,,
"HashMapFixture/RandomReadWrite/2048/64/1/0/real_time/threads:16",63648,10080.9,65680.9,ns,,,,,
"HashMapFixture/RandomReadWrite/2048/64/2/0/real_time/threads:4",95064,7382.24,29690.7,ns,,,,,
"HashMapFixture/RandomReadWrite/2048/64/2/0/real_time/threads:8",162224,4241.44,33499,ns,,,,,
"HashMapFixture/RandomReadWrite/2048/64/2/0/real_time/threads:16",190192,4284.03,33717.3,ns,,,,,
"HashMapFixture/RandomReadWrite/2048/64/4/0/real_time/threads:4",100400,6958.49,27968.8,ns,,,,,
"HashMapFixture/RandomReadWrite/2048/64/4/0/real_time/threads:8",171824,4116.89,32397.3,ns,,,,,
"HashMapFixture/RandomReadWrite/2048/64/4/0/real_time/threads:16",150048,5988.01,49378.9,ns,,,,,
"HashMapFixture/RandomReadWrite/2048/64/8/0/real_time/threads:4",20184,34859.3,140387,ns,,,,,
"HashMapFixture/RandomReadWrite/2048/64/8/0/real_time/threads:8",31200,22634.4,178440,ns,,,,,
"HashMapFixture/RandomReadWrite/2048/64/8/0/real_time/threads:16",33712,21954.3,180164,ns,,,,,
"HashMapFixture/RandomReadWrite/2048/64/16/0/real_time/threads:4",88580,7938.9,31937.9,ns,,,,,
"HashMapFixture/RandomReadWrite/2048/64/16/0/real_time/threads:8",142712,4967.49,38921.2,ns,,,,,
"HashMapFixture/RandomReadWrite/2048/64/16/0/real_time/threads:16",174096,4781.02,39027.2,ns,,,,,
"HashMapFixture/RandomReadWrite/2048/64/1/25/real_time/threads:4",89020,7701.52,30893.1,ns,,,,,
"HashMapFixture/RandomReadWrite/2048/64/1/25/real_time/threads:8",77360,8250.75,62193.2,ns,,,,,
"HashMapFixture/RandomReadWrite/2048/64/1/25/real_time/threads:16",74016,10021.2,65689.5,ns,,,,,
"HashMapFixture/RandomReadWrite/2048/64/2/25/real_time/threads:4",95768,7356.93,29586.1,ns,,,,,
"HashMapFixture/RandomReadWrite/2048/64/2/25/real_time/threads:8",164648,4269.22,33461.3,ns,,,,,
"HashMapFixture/RandomReadWrite/2048/64/2/25/real_time/threads:16",163840,4570.07,33328.6,ns,,,,,
"HashMapFixture/RandomReadWrite/2048/64/4/25/real_time/threads:4",101788,6917.48,27793.4,ns,,,,,
"HashMapFixture/RandomReadWrite/2048/64/4/25/real_time/threads:8",173568,4043.74,31777.9,ns,,,,,
"HashMapFixture/RandomReadWrite/2048/64/4/25/real_time/threads:16",141312,5969.39,48078.6,ns,,,,,
"HashMapFixture/RandomReadWrite/2048/64/8/25/real_time/threads:4",21300,30208,121611,ns,,,,,
"HashMapFixture/RandomReadWrite/2048/64/8/25/real_time/threads:8",35552,19513.4,153749,ns,,,,,
"HashMapFixture/RandomReadWrite/2048/64/8/25/real_time/threads:16",38192,18871.3,155026,ns,,,,,
"HashMapFixture/RandomReadWrite/2048/64/16/25/real_time/threads:4",88080,7970.92,32064.3,ns,,,,,
"HashMapFixture/RandomReadWrite/2048/64/16/25/real_time/threads:8",142200,4933.25,38714.6,ns,,,,,
"HashMapFixture/RandomReadWrite/2048/64/16/25/real_time/threads:16",148784,4600.12,38862.2,ns,,,,,
"HashMapFixture/RandomReadWrite/2048/64/1/50/real_time/threads:4",88016,7769.38,31148.4,ns,,,,,
"HashMapFixture/RandomReadWrite/2048/64/1/50/real_time/threads:8",84944,9039.09,67424.1,ns,,,,,
"HashMapFixture/RandomReadWrite/2048/64/1/50/real_time/threads:16",69344,9647.58,61769,ns,,,,,
"HashMapFixture/RandomReadWrite/2048/64/2/50/real_time/threads:4",96364,7255.43,29169.6,ns,,,,,
"HashMapFixture/RandomReadWrite/2048/64/2/50/real_time/threads:8",165552,4251.66,33162.4,ns,,,,,
"HashMapFixture/RandomReadWrite/2048/64/2/50/real_time/threads:16",179600,4199.23,33125.1,ns,,,,,
"HashMapFixture/RandomReadWrite/2048/64/4/50/real_time/threads:4",102484,6803.09,27330.6,ns,,,,,
"HashMapFixture/RandomReadWrite/2048/64/4/50/real_time/threads:8",174392,3968.89,31388.3,ns,,,,,
"HashMapFixture/RandomReadWrite/2048/64/4/50/real_time/threads:16",103056,5545.33,47657.6,ns,,,,,
"HashMapFixture/RandomReadWrite/2048/64/8/50/real_time/threads:4",27228,25421.6,102306,ns,,,,,
"HashMapFixture/RandomReadWrite/2048/64/8/50/real_time/threads:8",42880,16504.3,129163,ns,,,,,
"HashMapFixture/RandomReadWrite/2048/64/8/50/real_time/threads:16",46608,15984.8,129339,ns,,,,,
"HashMapFixture/RandomReadWrite/2048/64/16/50/real_time/threads:4",87988,7980.8,32103.1,ns,,,,,
"HashMapFixture/RandomReadWrite/2048/64/16/50/real_time/threads:8",143336,4861.94,38528,ns,,,,,
"HashMapFixture/RandomReadWrite/2048/64/16/50/real_time/threads:16",146944,4406.34,38595.5,ns,,,,,
"HashMapFixture/RandomReadWrite/2048/64/1/75/real_time/threads:4",93124,7611.01,30536.6,ns,,,,,
"HashMapFixture/RandomReadWrite/2048/64/1/75/real_time/threads:8",95328,7546.15,57681.9,ns,,,,,
"HashMapFixture/RandomReadWrite/2048/64/1/75/real_time/threads:16",74832,9401.14,60430.2,ns,,,,,
"HashMapFixture/RandomReadWrite/2048/64/2/75/real_time/threads:4",97360,7140.13,28727.2,ns,,,,,
"HashMapFixture/RandomReadWrite/2048/64/2/75/real_time/threads:8",169680,4178.57,32745.3,ns,,,,,
"HashMapFixture/RandomReadWrite/2048/64/2/75/real_time/threads:16",216128,4312.74,32841.2,ns,,,,,
"HashMapFixture/RandomReadWrite/2048/64/4/75/real_time/threads:4",103828,6706.15,26955.9,ns,,,,,
"HashMapFixture/RandomReadWrite/2048/64/4/75/real_time/threads:8",177600,3965.63,31134.8,ns,,,,,
"HashMapFixture/RandomReadWrite/2048/64/4/75/real_time/threads:16",207152,6242.14,51044,ns,,,,,
"HashMapFixture/RandomReadWrite/2048/64/8/75/real_time/threads:4",32900,20934.1,84183,ns,,,,,
"HashMapFixture/RandomReadWrite/2048/64/8/75/real_time/threads:8",52664,13184.5,103791,ns,,,,,
"HashMapFixture/RandomReadWrite/2048/64/8/75/real_time/threads:16",56992,12887.8,104036,ns,,,,,
"HashMapFixture/RandomReadWrite/2048/64/16/75/real_time/threads:4",87576,7973.91,32056.4,ns,,,,,
"HashMapFixture/RandomReadWrite/2048/64/16/75/real_time/threads:8",143256,4869.43,38316.2,ns,,,,,
"HashMapFixture/RandomReadWrite/2048/64/16/75/real_time/threads:16",171152,4736.73,38437,ns,,,,,
"HashMapFixture/RandomReadWrite/2048/64/1/100/real_time/threads:4",96072,7504.06,30105.4,ns,,,,,
"HashMapFixture/RandomReadWrite/2048/64/1/100/real_time/threads:8",110896,6616.69,50960.5,ns,,,,,
"HashMapFixture/RandomReadWrite/2048/64/1/100/real_time/threads:16",90528,8039.75,50005,ns,,,,,
"HashMapFixture/RandomReadWrite/2048/64/2/100/real_time/threads:4",99572,7042.16,28332.1,ns,,,,,
"HashMapFixture/RandomReadWrite/2048/64/2/100/real_time/threads:8",168768,4082.31,32317,ns,,,,,
"HashMapFixture/RandomReadWrite/2048/64/2/100/real_time/threads:16",186624,4056.77,32334.5,ns,,,,,
"HashMapFixture/RandomReadWrite/2048/64/4/100/real_time/threads:4",109108,6442.67,25906.7,ns,,,,,
"HashMapFixture/RandomReadWrite/2048/64/4/100/real_time/threads:8",183664,3872.55,30500.9,ns,,,,,
"HashMapFixture/RandomReadWrite/2048/64/4/100/real_time/threads:16",167296,5079.63,40548.2,ns,,,,,
"HashMapFixture/RandomReadWrite/2048/64/8/100/real_time/threads:4",43900,16002.2,64274.1,ns,,,,,
"HashMapFixture/RandomReadWrite/2048/64/8/100/real_time/threads:8",70056,10015.8,79235.2,ns,,,,,
"HashMapFixture/RandomReadWrite/2048/64/8/100/real_time/threads:16",69536,9462.67,79378.4,ns,,,,,
"HashMapFixture/RandomReadWrite/2048/64/16/100/real_time/threads:4",87764,7976.38,32065.8,ns,,,,,
"HashMapFixture/RandomReadWrite/2048/64/16/100/real_time/threads:8",145240,4780.71,37801,ns,,,,,
"HashMapFixture/RandomReadWrite/2048/64/16/100/real_time/threads:16",155280,4710.28,37992.6,ns,,,,,
"HashMapFixture/RandomReadWrite/2048/1024/1/0/real_time/threads:4",4856,131323,526270,ns,,,,,
"HashMapFixture/RandomReadWrite/2048/1024/1/0/real_time/threads:8",4072,174510,1.29742e+06,ns,,,,,
"HashMapFixture/RandomReadWrite/2048/1024/1/0/real_time/threads:16",4112,182638,1.22617e+06,ns,,,,,
"HashMapFixture/RandomReadWrite/2048/1024/2/0/real_time/threads:4",5988,116967,470342,ns,,,,,
"HashMapFixture/RandomReadWrite/2048/1024/2/0/real_time/threads:8",10216,68242.9,535460,ns,,,,,
"HashMapFixture/RandomReadWrite/2048/1024/2/0/real_time/threads:16",10544,68674.3,535557,ns,,,,,
"HashMapFixture/RandomReadWrite/2048/1024/4/0/real_time/threads:4",6192,112592,452427,ns,,,,,
"HashMapFixture/RandomReadWrite/2048/1024/4/0/real_time/threads:8",10744,65753.4,523779,ns,,,,,
"HashMapFixture/RandomReadWrite/2048/1024/4/0/real_time/threads:16",6144,111615,915949,ns,,,,,
"HashMapFixture/RandomReadWrite/2048/1024/8/0/real_time/threads:4",1268,551982,2.22343e+06,ns,,,,,
"HashMapFixture/RandomReadWrite/2048/1024/8/0/real_time/threads:8",1976,354912,2.84548e+06,ns,,,,,
"HashMapFixture/RandomReadWrite/2048/1024/8/0/real_time/threads:16",1600,338427,2.86575e+06,ns,,,,,
"HashMapFixture/RandomReadWrite/2048/1024/16/0/real_time/threads:4",5572,125596,505250,ns,,,,,
"HashMapFixture/RandomReadWrite/2048/1024/16/0/real_time/threads:8",9016,79188,618723,ns,,,,,
"HashMapFixture/RandomReadWrite/2048/1024/16/0/real_time/threads:16",10240,76352.3,621799,ns,,,,,
"HashMapFixture/RandomReadWrite/2048/1024/1/25/real_time/threads:4",4892,130039,521740,ns,,,,,
"HashMapFixture/RandomReadWrite/2048/1024/1/25/real_time/threads:8",4864,169421,1.27958e+06,ns,,,,,
"HashMapFixture/RandomReadWrite/2048/1024/1/25/real_time/threads:16",4080,164005,1.0909e+06,ns,,,,,
"HashMapFixture/RandomReadWrite/2048/1024/2/25/real_time/threads:4",6088,114767,461682,ns,,,,,
"HashMapFixture/RandomReadWrite/2048/1024/2/25/real_time/threads:8",10576,68236.1,523784,ns,,,,,
"HashMapFixture/RandomReadWrite/2048/1024/2/25/real_time/threads:16",12480,66505.7,529300,ns,,,,,
"HashMapFixture/RandomReadWrite/2048/1024/4/25/real_time/threads:4",6276,111200,446789,ns,,,,,
"HashMapFixture/RandomReadWrite/2048/1024/4/25/real_time/threads:8",10856,64695.7,517773,ns,,,,,
"HashMapFixture/RandomReadWrite/2048/1024/4/25/real_time/threads:16",9872,89142.9,774606,ns,,,,,
"HashMapFixture/RandomReadWrite/2048/1024/8/25/real_time/threads:4",1464,478680,1.92691e+06,ns,,,,,
"HashMapFixture/RandomReadWrite/2048/1024/8/25/real_time/threads:8",2304,322398,2.44257e+06,ns,,,,,
"HashMapFixture/RandomReadWrite/2048/1024/8/25/real_time/threads:16",2560,295157,2.45445e+06,ns,,,,,
"HashMapFixture/RandomReadWrite/2048/1024/16/25/real_time/threads:4",5376,126082,507196,ns,,,,,
"HashMapFixture/RandomReadWrite/2048/1024/16/25/real_time/threads:8",9056,77253.2,619765,ns,,,,,
"HashMapFixture/RandomReadWrite/2048/1024/16/25/real_time/threads:16",9872,74653.6,620567,ns,,,,,
"HashMapFixture/RandomReadWrite/2048/1024/1/50/real_time/threads:4",5516,121760,488887,ns,,,,,
"HashMapFixture/RandomReadWrite/2048/1024/1/50/real_time/threads:8",5368,135766,1.04134e+06,ns,,,,,
"HashMapFixture/RandomReadWrite/2048/1024/1/50/real_time/threads:16",4352,165814,1.0977e+06,ns,,,,,
"HashMapFixture/RandomReadWrite/2048/1024/2/50/real_time/threads:4",6004,113894,458078,ns,,,,,
"HashMapFixture/RandomReadWrite/2048/1024/2/50/real_time/threads:8",10544,65787.9,526236,ns,,,,,
"HashMapFixture/RandomReadWrite/2048/1024/2/50/real_time/threads:16",11392,65191.5,525372,ns,,,,,
"HashMapFixture/RandomReadWrite/2048/1024/4/50/real_time/threads:4",6360,110324,443194,ns,,,,,
"HashMapFixture/RandomReadWrite/2048/1024/4/50/real_time/threads:8",10912,63916,511896,ns,,,,,
"HashMapFixture/RandomReadWrite/2048/1024/4/50/real_time/threads:16",10128,103671,796252,ns,,,,,
"HashMapFixture/RandomReadWrite/2048/1024/8/50/real_time/threads:4",1732,404300,1.62668e+06,ns,,,,,
"HashMapFixture/RandomReadWrite/2048/1024/8/50/real_time/threads:8",2744,256399,2.05127e+06,ns,,,,,
"HashMapFixture/RandomReadWrite/2048/1024/8/50/real_time/threads:16",2912,238992,2.05594e+06,ns,,,,,
"HashMapFixture/RandomReadWrite/2048/1024/16/50/real_time/threads:4",5508,126684,509475,ns,,,,,
"HashMapFixture/RandomReadWrite/2048/1024/16/50/real_time/threads:8",9128,76996.9,617144,ns,,,,,
"HashMapFixture/RandomReadWrite/2048/1024/16/50/real_time/threads:16",10144,76234.9,617239,ns,,,,,
"HashMapFixture/RandomReadWrite/2048/1024/1/75/real_time/threads:4",4000,126385,506592,ns,,,,,
"HashMapFixture/RandomReadWrite/2048/1024/1/75/real_time/threads:8",4920,128013,924691,ns,,,,,
"HashMapFixture/RandomReadWrite/2048/1024/1/75/real_time/threads:16",4672,148981,970522,ns,,,,,
"HashMapFixture/RandomReadWrite/2048/1024/2/75/real_time/threads:4",6240,112214,451422,ns,,,,,
"HashMapFixture/RandomReadWrite/2048/1024/2/75/real_time/threads:8",10048,65043.3,519343,ns,,,,,
"HashMapFixture/RandomReadWrite/2048/1024/2/75/real_time/threads:16",11552,66658.7,519169,ns,,,,,
"HashMapFixture/RandomReadWrite/2048/1024/4/75/real_time/threads:4",6440,108995,437688,ns,,,,,
"HashMapFixture/RandomReadWrite/2048/1024/4/75/real_time/threads:8",10920,69846.4,533502,ns,,,,,
"HashMapFixture/RandomReadWrite/2048/1024/4/75/real_time/threads:16",8656,94017.9,777348,ns,,,,,
"HashMapFixture/RandomReadWrite/2048/1024/8/75/real_time/threads:4",2120,329816,1.32596e+06,ns,,,,,
"HashMapFixture/RandomReadWrite/2048/1024/8/75/real_time/threads:8",3392,205443,1.6527e+06,ns,,,,,
"HashMapFixture/RandomReadWrite/2048/1024/8/75/real_time/threads:16",3744,194488,1.64798e+06,ns,,,,,
"HashMapFixture/RandomReadWrite/2048/1024/16/75/real_time/threads:4",5540,126445,508360,ns,,,,,
"HashMapFixture/RandomReadWrite/2048/1024/16/75/real_time/threads:8",9152,76582.8,611419,ns,,,,,
"HashMapFixture/RandomReadWrite/2048/1024/16/75/real_time/threads:16",10240,77706.1,607954,ns,,,,,
"HashMapFixture/RandomReadWrite/2048/1024/1/100/real_time/threads:4",6128,114074,458191,ns,,,,,
"HashMapFixture/RandomReadWrite/2048/1024/1/100/real_time/threads:8",6360,107951,842915,ns,,,,,
"HashMapFixture/RandomReadWrite/2048/1024/1/100/real_time/threads:16",5040,132534,842104,ns,,,,,
"HashMapFixture/RandomReadWrite/2048/1024/2/100/real_time/threads:4",6384,109751,441564,ns,,,,,
"HashMapFixture/RandomReadWrite/2048/1024/2/100/real_time/threads:8",10944,63754.5,509645,ns,,,,,
"HashMapFixture/RandomReadWrite/2048/1024/2/100/real_time/threads:16",11888,67036.8,511801,ns,,,,,
"HashMapFixture/RandomReadWrite/2048/1024/4/100/real_time/threads:4",6716,103715,417060,ns,,,,,
"HashMapFixture/RandomReadWrite/2048/1024/4/100/real_time/threads:8",11408,60903.6,487068,ns,,,,,
"HashMapFixture/RandomReadWrite/2048/1024/4/100/real_time/threads:16",8704,81841,664567,ns,,,,,
"HashMapFixture/RandomReadWrite/2048/1024/8/100/real_time/threads:4",2780,248813,998963,ns,,,,,
"HashMapFixture/RandomReadWrite/2048/1024/8/100/real_time/threads:8",4456,156877,1.25864e+06,ns,,,,,
"HashMapFixture/RandomReadWrite/2048/1024/8/100/real_time/threads:16",4624,161477,1.2632e+06,ns,,,,,
"HashMapFixture/RandomReadWrite/2048/1024/16/100/real_time/threads:4",5436,127125,511067,ns,,,,,
"HashMapFixture/RandomReadWrite/2048/1024/16/100/real_time/threads:8",9280,75969.1,605761,ns,,,,,
"HashMapFixture/RandomReadWrite/2048/1024/16/100/real_time/threads:16",10080,74121.4,605425,ns,,,,,
"HashMapFixture/RandomReadWrite/8192/16/1/0/real_time/threads:4",369456,1937.6,7781.34,ns,,,,,
"HashMapFixture/RandomReadWrite/8192/16/1/0/real_time/threads:8",276088,2292.05,17308.1,ns,,,,,
"HashMapFixture/RandomReadWrite/8192/16/1/0/real_time/threads:16",271648,2540.32,16845.3,ns,,,,,
"HashMapFixture/RandomReadWrite/8192/16/2/0/real_time/threads:4",375852,1870.7,7521.18,ns,,,,,
"HashMapFixture/RandomReadWrite/8192/16/2/0/real_time/threads:8",532408,1085.35,8637.33,ns,,,,,
"HashMapFixture/RandomReadWrite/8192/16/2/0/real_time/threads:16",616512,1193.11,8661.92,ns,,,,,
"HashMapFixture/RandomReadWrite/8192/16/4/0/real_time/threads:4",403048,1747.75,7023.41,ns,,,,,
"HashMapFixture/RandomReadWrite/8192/16/4/0/real_time/threads:8",693808,1011.77,8087.06,ns,,,,,
"HashMapFixture/RandomReadWrite/8192/16/4/0/real_time/threads:16",465376,1510.76,12697.7,ns,,,,,
"HashMapFixture/RandomReadWrite/8192/16/8/0/real_time/threads:4",79684,8736.64,35197.3,ns,,,,,
"HashMapFixture/RandomReadWrite/8192/16/8/0/real_time/threads:8",116640,6203.22,44713,ns,,,,,
"HashMapFixture/RandomReadWrite/8192/16/8/0/real_time/threads:16",125376,5585.2,45333.8,ns,,,,,
"HashMapFixture/RandomReadWrite/8192/16/16/0/real_time/threads:4",350560,1984.66,7984.34,ns,,,,,
"HashMapFixture/RandomReadWrite/8192/16/16/0/real_time/threads:8",544472,1233.27,9782.34,ns,,,,,
"HashMapFixture/RandomReadWrite/8192/16/16/0/real_time/threads:16",618656,1167.06,9781.85,ns,,,,,
"HashMapFixture/RandomReadWrite/8192/16/1/25/real_time/threads:4",346708,1981.6,7945.4,ns,,,,,
"HashMapFixture/RandomReadWrite/8192/16/1/25/real_time/threads:8",291824,2369.16,17913.7,ns,,,,,
"HashMapFixture/RandomReadWrite/8192/16/1/25/real_time/threads:16",282736,2563.76,16727.8,ns,,,,,
"HashMapFixture/RandomReadWrite/8192/16/2/25/real_time/threads:4",379264,1849.77,7440.54,ns,,,,,
"HashMapFixture/RandomReadWrite/8192/16/2/25/real_time/threads:8",615904,1114,8641.54,ns,,,,,
"HashMapFixture/RandomReadWrite/8192/16/2/25/real_time/threads:16",658304,1234.09,8613.55,ns,,,,,
"HashMapFixture/RandomReadWrite/8192/16/4/25/real_time/threads:4",386104,1730.94,6954.69,ns,,,,,
"HashMapFixture/RandomReadWrite/8192/16/4/25/real_time/threads:8",685344,1037.8,8154.23,ns,,,,,
"HashMapFixture/RandomReadWrite/8192/16/4/25/real_time/threads:16",560080,1546.16,12669.4,ns,,,,,
"HashMapFixture/RandomReadWrite/8192/16/8/25/real_time/threads:4",92324,7665.11,30860.4,ns,,,,,
"HashMapFixture/RandomReadWrite/8192/16/8/25/real_time/threads:8",142768,4900.04,38943.1,ns,,,,,
"HashMapFixture/RandomReadWrite/8192/16/8/25/real_time/threads:16",155216,5385.96,39121.5,ns,,,,,
"HashMapFixture/RandomReadWrite/8192/16/16/25/real_time/threads:4",349844,1997.27,8032.28,ns,,,,,
"HashMapFixture/RandomReadWrite/8192/16/16/25/real_time/threads:8",559144,1242.74,9721.47,ns,,,,,
"HashMapFixture/RandomReadWrite/8192/16/16/25/real_time/threads:16",647888,1150.08,9744.05,ns,,,,,
"HashMapFixture/RandomReadWrite/8192/16/1/50/real_time/threads:4",361280,1949.31,7819.22,ns,,,,,
"HashMapFixture/RandomReadWrite/8192/16/1/50/real_time/threads:8",325792,2232.16,16917.7,ns,,,,,
"HashMapFixture/RandomReadWrite/8192/16/1/50/real_time/threads:16",298592,2442.35,15794.9,ns,,,,,
"HashMapFixture/RandomReadWrite/8192/16/2/50/real_time/threads:4",379384,1828.97,7354.44,ns,,,,,
"HashMapFixture/RandomReadWrite/8192/16/2/50/real_time/threads:8",643480,1085.22,8525.78,ns,,,,,
"HashMapFixture/RandomReadWrite/8192/16/2/50/real_time/threads:16",606176,1167.83,8518.57,ns,,,,,
"HashMapFixture/RandomReadWrite/8192/16/4/50/real_time/threads:4",409540,1701.01,6833.63,ns,,,,,
"HashMapFixture/RandomReadWrite/8192/16/4/50/real_time/threads:8",641728,1013.85,7951.94,ns,,,,,
"HashMapFixture/RandomReadWrite/8192/16/4/50/real_time/threads:16",608176,1329.72,11125.1,ns,,,,,
"HashMapFixture/RandomReadWrite/8192/16/8/50/real_time/threads:4",108592,6514.04,26208.7,ns,,,,,
"HashMapFixture/RandomReadWrite/8192/16/8/50/real_time/threads:8",169256,4166.73,32741.8,ns,,,,,
"HashMapFixture/RandomReadWrite/8192/16/8/50/real_time/threads:16",176864,4122.78,32725.4,ns,,,,,
"HashMapFixture/RandomReadWrite/8192/16/16/50/real_time/threads:4",350596,1993.69,8015.45,ns,,,,,
"HashMapFixture/RandomReadWrite/8192/16/16/50/real_time/threads:8",574248,1225.54,9679.71,ns,,,,,
"HashMapFixture/RandomReadWrite/8192/16/16/50/real_time/threads:16",667472,1197.2,9712.05,ns,,,,,
"HashMapFixture/RandomReadWrite/8192/16/1/75/real_time/threads:4",333292,1912.27,7673.78,ns,,,,,
"HashMapFixture/RandomReadWrite/8192/16/1/75/real_time/threads:8",362800,1940.73,14807.9,ns,,,,,
"HashMapFixture/RandomReadWrite/8192/16/1/75/real_time/threads:16",302336,2382.77,15303.3,ns,,,,,
"HashMapFixture/RandomReadWrite/8192/16/2/75/real_time/threads:4",383072,1797.01,7226.92,ns,,,,,
"HashMapFixture/RandomReadWrite/8192/16/2/75/real_time/threads:8",643024,1065.18,8364.12,ns,,,,,
"HashMapFixture/RandomReadWrite/8192/16/2/75/real_time/threads:16",659680,1131.84,8374.05,ns,,,,,
"HashMapFixture/RandomReadWrite/8192/16/4/75/real_time/threads:4",418060,1665.84,6695.33,ns,,,,,
"HashMapFixture/RandomReadWrite/8192/16/4/75/real_time/threads:8",696992,989.575,7778.56,ns,,,,,
"HashMapFixture/RandomReadWrite/8192/16/4/75/real_time/threads:16",490256,1267.86,10659.6,ns,,,,,
"HashMapFixture/RandomReadWrite/8192/16/8/75/real_time/threads:4",132892,5269.47,21183.2,ns,,,,,
"HashMapFixture/RandomReadWrite/8192/16/8/75/real_time/threads:8",205632,3361.93,26608,ns,,,,,
"HashMapFixture/RandomReadWrite/8192/16/8/75/real_time/threads:16",221456,3329.75,26310.1,ns,,,,,
"HashMapFixture/RandomReadWrite/8192/16/16/75/real_time/threads:4",349640,2003.77,8056.4,ns,,,,,
"HashMapFixture/RandomReadWrite/8192/16/16/75/real_time/threads:8",565448,1216.45,9603.97,ns,,,,,
"HashMapFixture/RandomReadWrite/8192/16/16/75/real_time/threads:16",650368,1152.84,9654.24,ns,,,,,
"HashMapFixture/RandomReadWrite/8192/16/1/100/real_time/threads:4",355832,1840.78,7390.49,ns,,,,,
"HashMapFixture/RandomReadWrite/8192/16/1/100/real_time/threads:8",406904,1629.45,12475.6,ns,,,,,
"HashMapFixture/RandomReadWrite/8192/16/1/100/real_time/threads:16",336832,2044.08,12751.1,ns,,,,,
"HashMapFixture/RandomReadWrite/8192/16/2/100/real_time/threads:4",393188,1778.22,7152.61,ns,,,,,
"HashMapFixture/RandomReadWrite/8192/16/2/100/real_time/threads:8",662736,1042.66,8188.26,ns,,,,,
"HashMapFixture/RandomReadWrite/8192/16/2/100/real_time/threads:16",622720,1082.41,8209.26,ns,,,,,
"HashMapFixture/RandomReadWrite/8192/16/4/100/real_time/threads:4",429840,1605.88,6457.9,ns,,,,,
"HashMapFixture/RandomReadWrite/8192/16/4/100/real_time/threads:8",731200,989.866,7713.52,ns,,,,,
"HashMapFixture/RandomReadWrite/8192/16/4/100/real_time/threads:16",828144,1130.77,9549.64,ns,,,,,
"HashMapFixture/RandomReadWrite/8192/16/8/100/real_time/threads:4",170792,3984.83,15998.4,ns,,,,,
"HashMapFixture/RandomReadWrite/8192/16/8/100/real_time/threads:8",274072,2551.53,20236.5,ns,,,,,
"HashMapFixture/RandomReadWrite/8192/16/8/100/real_time/threads:16",259664,2717.35,20305.5,ns,,,,,
"HashMapFixture/RandomReadWrite/8192/16/16/100/real_time/threads:4",348960,1996.34,8024.54,ns,,,,,
"HashMapFixture/RandomReadWrite/8192/16/16/100/real_time/threads:8",569104,1210.85,9499.95,ns,,,,,
"HashMapFixture/RandomReadWrite/8192/16/16/100/real_time/threads:16",628608,1157.1,9516.88,ns,,,,,
"HashMapFixture/RandomReadWrite/8192/256/1/0/real_time/threads:4",20612,31522.1,126320,ns,,,,,
"HashMapFixture/RandomReadWrite/8192/256/1/0/real_time/threads:8",17408,34251.5,259405,ns,,,,,
"HashMapFixture/RandomReadWrite/8192/256/1/0/real_time/threads:16",16112,45344.2,301592,ns,,,,,
"HashMapFixture/RandomReadWrite/8192/256/2/0/real_time/threads:4",23768,29293.9,117774,ns,,,,,
"HashMapFixture/RandomReadWrite/8192/256/2/0/real_time/threads:8",41072,17002.4,133220,ns,,,,,
"HashMapFixture/RandomReadWrite/8192/256/2/0/real_time/threads:16",42288,17713.8,133213,ns,,,,,
"HashMapFixture/RandomReadWrite/8192/256/4/0/real_time/threads:4",24880,27824.9,111814,ns,,,,,
"HashMapFixture/RandomReadWrite/8192/256/4/0/real_time/threads:8",43256,16647.4,130068,ns,,,,,
"HashMapFixture/RandomReadWrite/8192/256/4/0/real_time/threads:16",32336,23127.4,198846,ns,,,,,
"HashMapFixture/RandomReadWrite/8192/256/8/0/real_time/threads:4",4556,140530,566207,ns,,,,,
"HashMapFixture/RandomReadWrite/8192/256/8/0/real_time/threads:8",7776,90280.7,714118,ns,,,,,
"HashMapFixture/RandomReadWrite/8192/256/8/0/real_time/threads:16",8176,86740.1,719055,ns,,,,,
"HashMapFixture/RandomReadWrite/8192/256/16/0/real_time/threads:4",22116,31764.8,127822,ns,,,,,
"HashMapFixture/RandomReadWrite/8192/256/16/0/real_time/threads:8",35168,19702.3,155347,ns,,,,,
"HashMapFixture/RandomReadWrite/8192/256/16/0/real_time/threads:16",39088,19071.8,155844,ns,,,,,
"HashMapFixture/RandomReadWrite/8192/256/1/25/real_time/threads:4",21452,30867.8,123735,ns,,,,,
"HashMapFixture/RandomReadWrite/8192/256/1/25/real_time/threads:8",20880,35135.7,265361,ns,,,,,
"HashMapFixture/RandomReadWrite/8192/256/1/25/real_time/threads:16",16352,39267.3,253949,ns,,,,,
"HashMapFixture/RandomReadWrite/8192/256/2/25/real_time/threads:4",24148,29128.8,117139,ns,,,,,
"HashMapFixture/RandomReadWrite/8192/256/2/25/real_time/threads:8",41208,16804.3,131902,ns,,,,,
"HashMapFixture/RandomReadWrite/8192/256/2/25/real_time/threads:16",42752,16883.3,132691,ns,,,,,
"HashMapFixture/RandomReadWrite/8192/256/4/25/real_time/threads:4",25376,27651.2,111106,ns,,,,,
"HashMapFixture/RandomReadWrite/8192/256/4/25/real_time/threads:8",43400,16351.8,128610,ns,,,,,
"HashMapFixture/RandomReadWrite/8192/256/4/25/real_time/threads:16",28576,28286.5,227759,ns,,,,,
"HashMapFixture/RandomReadWrite/8192/256/8/25/real_time/threads:4",5792,120414,484876,ns,,,,,
"HashMapFixture/RandomReadWrite/8192/256/8/25/real_time/threads:8",9032,78229.6,615102,ns,,,,,
"HashMapFixture/RandomReadWrite/8192/256/8/25/real_time/threads:16",11232,75566.8,617448,ns,,,,,
"HashMapFixture/RandomReadWrite/8192/256/16/25/real_time/threads:4",21932,31888,128266,ns,,,,,
"HashMapFixture/RandomReadWrite/8192/256/16/25/real_time/threads:8",35640,19800.3,155280,ns,,,,,
"HashMapFixture/RandomReadWrite/8192/256/16/25/real_time/threads:16",35504,18343.4,155497,ns,,,,,
"HashMapFixture/RandomReadWrite/8192/256/1/50/real_time/threads:4",22660,30769.8,123474,ns,,,,,
"HashMapFixture/RandomReadWrite/8192/256/1/50/real_time/threads:8",19728,30763.5,233533,ns,,,,,
"HashMapFixture/RandomReadWrite/8192/256/1/50/real_time/threads:16",18752,41397.2,270448,ns,,,,,
"HashMapFixture/RandomReadWrite/8192/256/2/50/real_time/threads:4",24348,28756.9,115713,ns,,,,,
"HashMapFixture/RandomReadWrite/8192/256/2/50/real_time/threads:8",42184,16702.6,131101,ns,,,,,
"HashMapFixture/RandomReadWrite/8192/256/2/50/real_time/threads:16",45312,16657.5,131654,ns,,,,,
"HashMapFixture/RandomReadWrite/8192/256/4/50/real_time/threads:4",25588,27330.5,109812,ns,,,,,
"HashMapFixture/RandomReadWrite/8192/256/4/50/real_time/threads:8",43104,16001.5,125884,ns,,,,,
"HashMapFixture/RandomReadWrite/8192/256/4/50/real_time/threads:16",25136,24774.1,199598,ns,,,,,
"HashMapFixture/RandomReadWrite/8192/256/8/50/real_time/threads:4",6788,102302,411615,ns,,,,,
"HashMapFixture/RandomReadWrite/8192/256/8/50/real_time/threads:8",10544,65018.3,514536,ns,,,,,
"HashMapFixture/RandomReadWrite/8192/256/8/50/real_time/threads:16",12720,61336.4,517728,ns,,,,,
"HashMapFixture/RandomReadWrite/8192/256/16/50/real_time/threads:4",21932,31811.8,127889,ns,,,,,
"HashMapFixture/RandomReadWrite/8192/256/16/50/real_time/threads:8",35256,19861.7,154150,ns,,,,,
"HashMapFixture/RandomReadWrite/8192/256/16/50/real_time/threads:16",41424,18548,154217,ns,,,,,
"HashMapFixture/RandomReadWrite/8192/256/1/75/real_time/threads:4",22176,30450.9,122124,ns,,,,,
"HashMapFixture/RandomReadWrite/8192/256/1/75/real_time/threads:8",20760,28704.4,218769,ns,,,,,
"HashMapFixture/RandomReadWrite/8192/256/1/75/real_time/threads:16",18112,35174.9,220557,ns,,,,,
"HashMapFixture/RandomReadWrite/8192/256/2/75/real_time/threads:4",24656,28364.4,114089,ns,,,,,
"HashMapFixture/RandomReadWrite/8192/256/2/75/real_time/threads:8",42512,16558.3,129873,ns,,,,,
"HashMapFixture/RandomReadWrite/8192/256/2/75/real_time/threads:16",46128,16037.7,129966,ns,,,,,
"HashMapFixture/RandomReadWrite/8192/256/4/75/real_time/threads:4",25916,26908.9,108143,ns,,,,,
"HashMapFixture/RandomReadWrite/8192/256/4/75/real_time/threads:8",44608,15781.2,124357,ns,,,,,
"HashMapFixture/RandomReadWrite/8192/256/4/75/real_time/threads:16",27328,20932.6,172900,ns,,,,,
"HashMapFixture/RandomReadWrite/8192/256/8/75/real_time/threads:4",8392,83147.5,334332,ns,,,,,
"HashMapFixture/RandomReadWrite/8192/256/8/75/real_time/threads:8",13320,52473.1,414725,ns,,,,,
"HashMapFixture/RandomReadWrite/8192/256/8/75/real_time/threads:16",15424,50926.6,414863,ns,,,,,
"HashMapFixture/RandomReadWrite/8192/256/16/75/real_time/threads:4",21924,31756.5,127673,ns,,,,,
"HashMapFixture/RandomReadWrite/8192/256/16/75/real_time/threads:8",36704,19606.8,152930,ns,,,,,
"HashMapFixture/RandomReadWrite/8192/256/16/75/real_time/threads:16",38688,18810.1,153211,ns,,,,,
"HashMapFixture/RandomReadWrite/8192/256/1/100/real_time/threads:4",22332,28953.5,116251,ns,,,,,
"HashMapFixture/RandomReadWrite/8192/256/1/100/real_time/threads:8",25840,26908.5,206636,ns,,,,,
"HashMapFixture/RandomReadWrite/8192/256/1/100/real_time/threads:16",21472,33645.5,211772,ns,,,,,
"HashMapFixture/RandomReadWrite/8192/256/2/100/real_time/threads:4",24980,27968.5,112555,ns,,,,,
"HashMapFixture/RandomReadWrite/8192/256/2/100/real_time/threads:8",42840,16363.3,128666,ns,,,,,
"HashMapFixture/RandomReadWrite/8192/256/2/100/real_time/threads:16",46640,16365.2,128439,ns,,,,,
"HashMapFixture/RandomReadWrite/8192/256/4/100/real_time/threads:4",26696,25841.1,103923,ns,,,,,
"HashMapFixture/RandomReadWrite/8192/256/4/100/real_time/threads:8",45720,15584.8,122150,ns,,,,,
"HashMapFixture/RandomReadWrite/8192/256/4/100/real_time/threads:16",35792,20049.2,160710,ns,,,,,
"HashMapFixture/RandomReadWrite/8192/256/8/100/real_time/threads:4",11008,63615,255522,ns,,,,,
"HashMapFixture/RandomReadWrite/8192/256/8/100/real_time/threads:8",17632,40335.2,319265,ns,,,,,
"HashMapFixture/RandomReadWrite/8192/256/8/100/real_time/threads:16",20992,37839.3,314331,ns,,,,,
"HashMapFixture/RandomReadWrite/8192/256/16/100/real_time/threads:4",21936,31781.5,127728,ns,,,,,
"HashMapFixture/RandomReadWrite/8192/256/16/100/real_time/threads:8",37064,19397.1,151224,ns,,,,,
"HashMapFixture/RandomReadWrite/8192/256/16/100/real_time/threads:16",38048,18952.2,151365,ns,,,,,
"HashMapFixture/RandomReadWrite/8192/4096/1/0/real_time/threads:4",1328,529746,2.12264e+06,ns,,,,,
"HashMapFixture/RandomReadWrite/8192/4096/1/0/real_time/threads:8",800,641578,4.78143e+06,ns,,,,,
"HashMapFixture/RandomReadWrite/8192/4096/1/0/real_time/threads:16",960,729491,4.85512e+06,ns,,,,,
"HashMapFixture/RandomReadWrite/8192/4096/2/0/real_time/threads:4",1496,465653,1.87294e+06,ns,,,,,
"HashMapFixture/RandomReadWrite/8192/4096/2/0/real_time/threads:8",2616,273187,2.14896e+06,ns,,,,,
"HashMapFixture/RandomReadWrite/8192/4096/2/0/real_time/threads:16",2576,268803,2.13221e+06,ns,,,,,
"HashMapFixture/RandomReadWrite/8192/4096/4/0/real_time/threads:4",1548,451075,1.81248e+06,ns,,,,,
"HashMapFixture/RandomReadWrite/8192/4096/4/0/real_time/threads:8",2632,277404,2.1253e+06,ns,,,,,
"HashMapFixture/RandomReadWrite/8192/4096/4/0/real_time/threads:16",1616,453063,3.61457e+06,ns,,,,,
"HashMapFixture/RandomReadWrite/8192/4096/8/0/real_time/threads:4",312,2.24196e+06,9.03329e+06,ns,,,,,
"HashMapFixture/RandomReadWrite/8192/4096/8/0/real_time/threads:8",488,1.45152e+06,1.14262e+07,ns,,,,,
"HashMapFixture/RandomReadWrite/8192/4096/8/0/real_time/threads:16",528,1.3726e+06,1.14845e+07,ns,,,,,
"HashMapFixture/RandomReadWrite/8192/4096/16/0/real_time/threads:4",1376,505718,2.03423e+06,ns,,,,,
"HashMapFixture/RandomReadWrite/8192/4096/16/0/real_time/threads:8",2176,316193,2.48804e+06,ns,,,,,
"HashMapFixture/RandomReadWrite/8192/4096/16/0/real_time/threads:16",2240,288572,2.49305e+06,ns,,,,,
"HashMapFixture/RandomReadWrite/8192/4096/1/25/real_time/threads:4",1232,547484,2.19278e+06,ns,,,,,
"HashMapFixture/RandomReadWrite/8192/4096/1/25/real_time/threads:8",800,633972,4.7628e+06,ns,,,,,
"HashMapFixture/RandomReadWrite/8192/4096/1/25/real_time/threads:16",960,748903,5.01836e+06,ns,,,,,
"HashMapFixture/RandomReadWrite/8192/4096/2/25/real_time/threads:4",1512,460748,1.85327e+06,ns,,,,,
"HashMapFixture/RandomReadWrite/8192/4096/2/25/real_time/threads:8",2624,269629,2.11166e+06,ns,,,,,
"HashMapFixture/RandomReadWrite/8192/4096/2/25/real_time/threads:16",2800,271887,2.11833e+06,ns,,,,,
"HashMapFixture/RandomReadWrite/8192/4096/4/25/real_time/threads:4",1556,446416,1.79367e+06,ns,,,,,
"HashMapFixture/RandomReadWrite/8192/4096/4/25/real_time/threads:8",2656,269369,2.09488e+06,ns,,,,,
"HashMapFixture/RandomReadWrite/8192/4096/4/25/real_time/threads:16",1632,406299,3.39837e+06,ns,,,,,
"HashMapFixture/RandomReadWrite/8192/4096/8/25/real_time/threads:4",360,1.92529e+06,7.75301e+06,ns,,,,,
"HashMapFixture/RandomReadWrite/8192/4096/8/25/real_time/threads:8",568,1.25045e+06,9.83253e+06,ns,,,,,
"HashMapFixture/RandomReadWrite/8192/4096/8/25/real_time/threads:16",576,1.21626e+06,9.89133e+06,ns,,,,,
"HashMapFixture/RandomReadWrite/8192/4096/16/25/real_time/threads:4",1372,511725,2.05805e+06,ns,,,,,
"HashMapFixture/RandomReadWrite/8192/4096/16/25/real_time/threads:8",2224,314642,2.48286e+06,ns,,,,,
"HashMapFixture/RandomReadWrite/8192/4096/16/25/real_time/threads:16",2368,301235,2.49419e+06,ns,,,,,
"HashMapFixture/RandomReadWrite/8192/4096/1/50/real_time/threads:4",1320,508560,2.03768e+06,ns,,,,,
"HashMapFixture/RandomReadWrite/8192/4096/1/50/real_time/threads:8",1224,617830,4.66488e+06,ns,,,,,
"HashMapFixture/RandomReadWrite/8192/4096/1/50/real_time/threads:16",1008,659366,4.32876e+06,ns,,,,,
"HashMapFixture/RandomReadWrite/8192/4096/2/50/real_time/threads:4",1524,458782,1.84598e+06,ns,,,,,
"HashMapFixture/RandomReadWrite/8192/4096/2/50/real_time/threads:8",2624,265479,2.09607e+06,ns,,,,,
"HashMapFixture/RandomReadWrite/8192/4096/2/50/real_time/threads:16",2576,260017,2.10056e+06,ns,,,,,
"HashMapFixture/RandomReadWrite/8192/4096/4/50/real_time/threads:4",1580,444850,1.78716e+06,ns,,,,,
"HashMapFixture/RandomReadWrite/8192/4096/4/50/real_time/threads:8",2688,263237,2.07035e+06,ns,,,,,
"HashMapFixture/RandomReadWrite/8192/4096/4/50/real_time/threads:16",2176,318027,2.70129e+06,ns,,,,,
"HashMapFixture/RandomReadWrite/8192/4096/8/50/real_time/threads:4",380,1.64177e+06,6.60697e+06,ns,,,,,
"HashMapFixture/RandomReadWrite/8192/4096/8/50/real_time/threads:8",672,1.05196e+06,8.27846e+06,ns,,,,,
"HashMapFixture/RandomReadWrite/8192/4096/8/50/real_time/threads:16",768,1.03454e+06,8.26721e+06,ns,,,,,
"HashMapFixture/RandomReadWrite/8192/4096/16/50/real_time/threads:4",1372,510404,2.05248e+06,ns,,,,,
"HashMapFixture/RandomReadWrite/8192/4096/16/50/real_time/threads:8",2256,314020,2.46808e+06,ns,,,,,
"HashMapFixture/RandomReadWrite/8192/4096/16/50/real_time/threads:16",2288,293047,2.47061e+06,ns,,,,,
"HashMapFixture/RandomReadWrite/8192/4096/1/75/real_time/threads:4",1380,517633,2.06963e+06,ns,,,,,
"HashMapFixture/RandomReadWrite/8192/4096/1/75/real_time/threads:8",1344,541603,4.10083e+06,ns,,,,,
"HashMapFixture/RandomReadWrite/8192/4096/1/75/real_time/threads:16",1056,630410,4.07677e+06,ns,,,,,
"HashMapFixture/RandomReadWrite/8192/4096/2/75/real_time/threads:4",1540,449680,1.80923e+06,ns,,,,,
"HashMapFixture/RandomReadWrite/8192/4096/2/75/real_time/threads:8",2656,265415,2.07784e+06,ns,,,,,
"HashMapFixture/RandomReadWrite/8192/4096/2/75/real_time/threads:16",2608,266268,2.08569e+06,ns,,,,,
"HashMapFixture/RandomReadWrite/8192/4096/4/75/real_time/threads:4",1596,435084,1.74859e+06,ns,,,,,
"HashMapFixture/RandomReadWrite/8192/4096/4/75/real_time/threads:8",2656,259310,2.04189e+06,ns,,,,,
"HashMapFixture/RandomReadWrite/8192/4096/4/75/real_time/threads:16",1824,366267,3.02684e+06,ns,,,,,
"HashMapFixture/RandomReadWrite/8192/4096/8/75/real_time/threads:4",532,1.32621e+06,5.33329e+06,ns,,,,,
"HashMapFixture/RandomReadWrite/8192/4096/8/75/real_time/threads:8",848,829206,6.60704e+06,ns,,,,,
"HashMapFixture/RandomReadWrite/8192/4096/8/75/real_time/threads:16",992,767376,6.5939e+06,ns,,,,,
"HashMapFixture/RandomReadWrite/8192/4096/16/75/real_time/threads:4",1336,531069,2.13381e+06,ns,,,,,
"HashMapFixture/RandomReadWrite/8192/4096/16/75/real_time/threads:8",2240,311835,2.45207e+06,ns,,,,,
"HashMapFixture/RandomReadWrite/8192/4096/16/75/real_time/threads:16",2384,309144,2.45597e+06,ns,,,,,
"HashMapFixture/RandomReadWrite/8192/4096/1/100/real_time/threads:4",1428,476976,1.91299e+06,ns,,,,,
"HashMapFixture/RandomReadWrite/8192/4096/1/100/real_time/threads:8",1528,526973,4.01714e+06,ns,,,,,
"HashMapFixture/RandomReadWrite/8192/4096/1/100/real_time/threads:16",1248,577209,3.70542e+06,ns,,,,,
"HashMapFixture/RandomReadWrite/8192/4096/2/100/real_time/threads:4",1580,446462,1.79644e+06,ns,,,,,
"HashMapFixture/RandomReadWrite/8192/4096/2/100/real_time/threads:8",2680,260217,2.04205e+06,ns,,,,,
"HashMapFixture/RandomReadWrite/8192/4096/2/100/real_time/threads:16",2896,255970,2.04414e+06,ns,,,,,
"HashMapFixture/RandomReadWrite/8192/4096/4/100/real_time/threads:4",1652,422797,1.70035e+06,ns,,,,,
"HashMapFixture/RandomReadWrite/8192/4096/4/100/real_time/threads:8",2640,277848,2.03781e+06,ns,,,,,
"HashMapFixture/RandomReadWrite/8192/4096/4/100/real_time/threads:16",1600,342319,2.9358e+06,ns,,,,,
"HashMapFixture/RandomReadWrite/8192/4096/8/100/real_time/threads:4",692,1.01389e+06,4.072e+06,ns,,,,,
"HashMapFixture/RandomReadWrite/8192/4096/8/100/real_time/threads:8",1096,634834,5.04797e+06,ns,,,,,
"HashMapFixture/RandomReadWrite/8192/4096/8/100/real_time/threads:16",1232,620310,5.04441e+06,ns,,,,,
"HashMapFixture/RandomReadWrite/8192/4096/16/100/real_time/threads:4",1368,508464,2.04401e+06,ns,,,,,
"HashMapFixture/RandomReadWrite/8192/4096/16/100/real_time/threads:8",2296,308424,2.41885e+06,ns,,,,,
"HashMapFixture/RandomReadWrite/8192/4096/16/100/real_time/threads:16",2400,301185,2.4238e+06,ns,,,,,
"HashMapFixture/RandomReadWrite/32768/64/1/0/real_time/threads:4",87000,7830.19,31422.7,ns,,,,,
"HashMapFixture/RandomReadWrite/32768/64/1/0/real_time/threads:8",78160,8959.17,67809.9,ns,,,,,
"HashMapFixture/RandomReadWrite/32768/64/1/0/real_time/threads:16",69312,10507.6,69415.6,ns,,,,,
"HashMapFixture/RandomReadWrite/32768/64/2/0/real_time/threads:4",94464,7414.25,29815.8,ns,,,,,
"HashMapFixture/RandomReadWrite/32768/64/2/0/real_time/threads:8",161392,4299.48,33669.1,ns,,,,,
"HashMapFixture/RandomReadWrite/32768/64/2/0/real_time/threads:16",176976,4458.34,34046.7,ns,,,,,
"HashMapFixture/RandomReadWrite/32768/64/4/0/real_time/threads:4",101052,6918.19,27811.6,ns,,,,,
"HashMapFixture/RandomReadWrite/32768/64/4/0/real_time/threads:8",171440,4169.41,32758.6,ns,,,,,
"HashMapFixture/RandomReadWrite/32768/64/4/0/real_time/threads:16",186752,5741.53,46487.3,ns,,,,,
"HashMapFixture/RandomReadWrite/32768/64/8/0/real_time/threads:4",19072,35003.4,140989,ns,,,,,
"HashMapFixture/RandomReadWrite/32768/64/8/0/real_time/threads:8",31280,22482.9,178368,ns,,,,,
"HashMapFixture/RandomReadWrite/32768/64/8/0/real_time/threads:16",34464,21483.3,179609,ns,,,,,
"HashMapFixture/RandomReadWrite/32768/64/16/0/real_time/threads:4",88588,7916.59,31872,ns,,,,,
"HashMapFixture/RandomReadWrite/32768/64/16/0/real_time/threads:8",141496,4910.65,38833.4,ns,,,,,
"HashMapFixture/RandomReadWrite/32768/64/16/0/real_time/threads:16",157264,4483.15,38929.1,ns,,,,,
"HashMapFixture/RandomReadWrite/32768/64/1/25/real_time/threads:4",90312,7661.94,30730.6,ns,,,,,
"HashMapFixture/RandomReadWrite/32768/64/1/25/real_time/threads:8",78536,8639.81,65155.3,ns,,,,,
"HashMapFixture/RandomReadWrite/32768/64/1/25/real_time/threads:16",67536,10042.2,65437.8,ns,,,,,
"HashMapFixture/RandomReadWrite/32768/64/2/25/real_time/threads:4",96212,7301.18,29364.5,ns,,,,,
"HashMapFixture/RandomReadWrite/32768/64/2/25/real_time/threads:8",164032,4229.01,33280.6,ns,,,,,
"HashMapFixture/RandomReadWrite/32768/64/2/25/real_time/threads:16",180496,4266.48,33561.2,ns,,,,,
"HashMapFixture/RandomReadWrite/32768/64/4/25/real_time/threads:4",101856,6857.74,27552.3,ns,,,,,
"HashMapFixture/RandomReadWrite/32768/64/4/25/real_time/threads:8",173056,4197.06,32829.8,ns,,,,,
"HashMapFixture/RandomReadWrite/32768/64/4/25/real_time/threads:16",126352,5356.31,45743.8,ns,,,,,
"HashMapFixture/RandomReadWrite/32768/64/8/25/real_time/threads:4",22736,30474.4,122688,ns,,,,,
"HashMapFixture/RandomReadWrite/32768/64/8/25/real_time/threads:8",35560,19506.1,153712,ns,,,,,
"HashMapFixture/RandomReadWrite/32768/64/8/25/real_time/threads:16",39840,18662.6,154218,ns,,,,,
"HashMapFixture/RandomReadWrite/32768/64/16/25/real_time/threads:4",88076,7929.4,31883.4,ns,,,,,
"HashMapFixture/RandomReadWrite/32768/64/16/25/real_time/threads:8",141648,4888.46,38762,ns,,,,,
"HashMapFixture/RandomReadWrite/32768/64/16/25/real_time/threads:16",170576,4759.73,38825.8,ns,,,,,
"HashMapFixture/RandomReadWrite/32768/64/1/50/real_time/threads:4",90972,7709.99,30930.8,ns,,,,,
"HashMapFixture/RandomReadWrite/32768/64/1/50/real_time/threads:8",78504,7655.42,57776.7,ns,,,,,
"HashMapFixture/RandomReadWrite/32768/64/1/50/real_time/threads:16",78576,9459.23,60976.6,ns,,,,,
"HashMapFixture/RandomReadWrite/32768/64/2/50/real_time/threads:4",96592,7230.94,29081.5,ns,,,,,
"HashMapFixture/RandomReadWrite/32768/64/2/50/real_time/threads:8",165416,4250.07,33423.1,ns,,,,,
"HashMapFixture/RandomReadWrite/32768/64/2/50/real_time/threads:16",174496,4430.04,33234.3,ns,,,,,
"HashMapFixture/RandomReadWrite/32768/64/4/50/real_time/threads:4",103480,6813.4,27373.3,ns,,,,,
"HashMapFixture/RandomReadWrite/32768/64/4/50/real_time/threads:8",174192,4011.05,31659.6,ns,,,,,
"HashMapFixture/RandomReadWrite/32768/64/4/50/real_time/threads:16",107536,6011.55,48968.4,ns,,,,,
"HashMapFixture/RandomReadWrite/32768/64/8/50/real_time/threads:4",27096,25735.7,103582,ns,,,,,
"HashMapFixture/RandomReadWrite/32768/64/8/50/real_time/threads:8",42672,16258.7,128612,ns,,,,,
"HashMapFixture/RandomReadWrite/32768/64/8/50/real_time/threads:16",45632,15917.9,129422,ns,,,,,
"HashMapFixture/RandomReadWrite/32768/64/16/50/real_time/threads:4",87864,7952.35,31980.1,ns,,,,,
"HashMapFixture/RandomReadWrite/32768/64/16/50/real_time/threads:8",143624,4896.42,38506.1,ns,,,,,
"HashMapFixture/RandomReadWrite/32768/64/16/50/real_time/threads:16",157696,4473.85,38604.7,ns,,,,,
"HashMapFixture/RandomReadWrite/32768/64/1/75/real_time/threads:4",92716,7517.94,30187.3,ns,,,,,
"HashMapFixture/RandomReadWrite/32768/64/1/75/real_time/threads:8",91352,8195.42,62149.6,ns,,,,,
"HashMapFixture/RandomReadWrite/32768/64/1/75/real_time/threads:16",79744,9166.49,58380.9,ns,,,,,
"HashMapFixture/RandomReadWrite/32768/64/2/75/real_time/threads:4",98112,7158.07,28791.6,ns,,,,,
"HashMapFixture/RandomReadWrite/32768/64/2/75/real_time/threads:8",167976,4187.55,32732.9,ns,,,,,
"HashMapFixture/RandomReadWrite/32768/64/2/75/real_time/threads:16",185808,4353.84,32822.7,ns,,,,,
"HashMapFixture/RandomReadWrite/32768/64/4/75/real_time/threads:4",104692,6672.97,26816.4,ns,,,,,
"HashMapFixture/RandomReadWrite/32768/64/4/75/real_time/threads:8",178216,3937.43,30979.2,ns,,,,,
"HashMapFixture/RandomReadWrite/32768/64/4/75/real_time/threads:16",146432,5045.86,41010.6,ns,,,,,
"HashMapFixture/RandomReadWrite/32768/64/8/75/real_time/threads:4",33196,20972.8,84327.1,ns,,,,,
"HashMapFixture/RandomReadWrite/32768/64/8/75/real_time/threads:8",53528,13246.4,103749,ns,,,,,
"HashMapFixture/RandomReadWrite/32768/64/8/75/real_time/threads:16",55888,12581.7,104267,ns,,,,,
"HashMapFixture/RandomReadWrite/32768/64/16/75/real_time/threads:4",88072,7959.27,31995.7,ns,,,,,
"HashMapFixture/RandomReadWrite/32768/64/16/75/real_time/threads:8",144824,4888.6,38178.9,ns,,,,,
"HashMapFixture/RandomReadWrite/32768/64/16/75/real_time/threads:16",195200,4363.34,38313.9,ns,,,,,
"HashMapFixture/RandomReadWrite/32768/64/1/100/real_time/threads:4",95820,7449.18,29889.6,ns,,,,,
"HashMapFixture/RandomReadWrite/32768/64/1/100/real_time/threads:8",106072,7043.79,53901.1,ns,,,,,
"HashMapFixture/RandomReadWrite/32768/64/1/100/real_time/threads:16",87024,8007.16,50474.1,ns,,,,,
"HashMapFixture/RandomReadWrite/32768/64/2/100/real_time/threads:4",99580,7025.62,28273.7,ns,,,,,
"HashMapFixture/RandomReadWrite/32768/64/2/100/real_time/threads:8",170792,4087.98,32191,ns,,,,,
"HashMapFixture/RandomReadWrite/32768/64/2/100/real_time/threads:16",192944,4235.62,32317.4,ns,,,,,
"HashMapFixture/RandomReadWrite/32768/64/4/100/real_time/threads:4",108988,6423.03,25834.2,ns,,,,,
"HashMapFixture/RandomReadWrite/32768/64/4/100/real_time/threads:8",185560,3887.42,30682.5,ns,,,,,
"HashMapFixture/RandomReadWrite/32768/64/4/100/real_time/threads:16",160000,4592.61,36373.5,ns,,,,,
"HashMapFixture/RandomReadWrite/32768/64/8/100/real_time/threads:4",41300,15917.9,63929.2,ns,,,,,
"HashMapFixture/RandomReadWrite/32768/64/8/100/real_time/threads:8",68512,9992.76,78930.4,ns,,,,,
"HashMapFixture/RandomReadWrite/32768/64/8/100/real_time/threads:16",76096,10008.9,79035.6,ns,,,,,
"HashMapFixture/RandomReadWrite/32768/64/16/100/real_time/threads:4",87880,7948.32,31957.9,ns,,,,,
"HashMapFixture/RandomReadWrite/32768/64/16/100/real_time/threads:8",145648,4757.94,37771.4,ns,,,,,
"HashMapFixture/RandomReadWrite/32768/64/16/100/real_time/threads:16",173344,4709.68,37862.2,ns,,,,,
"HashMapFixture/RandomReadWrite/32768/1024/1/0/real_time/threads:4",4864,128803,516643,ns,,,,,
"HashMapFixture/RandomReadWrite/32768/1024/1/0/real_time/threads:8",4264,140688,1.05921e+06,ns,,,,,
"HashMapFixture/RandomReadWrite/32768/1024/1/0/real_time/threads:16",4272,183068,1.22772e+06,ns,,,,,
"HashMapFixture/RandomReadWrite/32768/1024/2/0/real_time/threads:4",6008,117201,471281,ns,,,,,
"HashMapFixture/RandomReadWrite/32768/1024/2/0/real_time/threads:8",10424,66867.7,529723,ns,,,,,
"HashMapFixture/RandomReadWrite/32768/1024/2/0/real_time/threads:16",11520,65132.5,531407,ns,,,,,
"HashMapFixture/RandomReadWrite/32768/1024/4/0/real_time/threads:4",6300,111593,448497,ns,,,,,
"HashMapFixture/RandomReadWrite/32768/1024/4/0/real_time/threads:8",10736,64801.4,511004,ns,,,,,
"HashMapFixture/RandomReadWrite/32768/1024/4/0/real_time/threads:16",7024,97376,801220,ns,,,,,
"HashMapFixture/RandomReadWrite/32768/1024/8/0/real_time/threads:4",1260,557375,2.24556e+06,ns,,,,,
"HashMapFixture/RandomReadWrite/32768/1024/8/0/real_time/threads:8",1944,358964,2.83498e+06,ns,,,,,
"HashMapFixture/RandomReadWrite/32768/1024/8/0/real_time/threads:16",1920,335815,2.86037e+06,ns,,,,,
"HashMapFixture/RandomReadWrite/32768/1024/16/0/real_time/threads:4",5492,126477,508796,ns,,,,,
"HashMapFixture/RandomReadWrite/32768/1024/16/0/real_time/threads:8",8976,79122.5,619467,ns,,,,,
"HashMapFixture/RandomReadWrite/32768/1024/16/0/real_time/threads:16",9440,73769.9,621556,ns,,,,,
"HashMapFixture/RandomReadWrite/32768/1024/1/25/real_time/threads:4",5364,127796,512508,ns,,,,,
"HashMapFixture/RandomReadWrite/32768/1024/1/25/real_time/threads:8",4576,130189,986539,ns,,,,,
"HashMapFixture/RandomReadWrite/32768/1024/1/25/real_time/threads:16",4432,161901,1.05227e+06,ns,,,,,
"HashMapFixture/RandomReadWrite/32768/1024/2/25/real_time/threads:4",5996,115234,463479,ns,,,,,
"HashMapFixture/RandomReadWrite/32768/1024/2/25/real_time/threads:8",10280,66129.2,526241,ns,,,,,
"HashMapFixture/RandomReadWrite/32768/1024/2/25/real_time/threads:16",10704,65686.7,526926,ns,,,,,
"HashMapFixture/RandomReadWrite/32768/1024/4/25/real_time/threads:4",6344,110176,442678,ns,,,,,
"HashMapFixture/RandomReadWrite/32768/1024/4/25/real_time/threads:8",10912,64917.8,508467,ns,,,,,
"HashMapFixture/RandomReadWrite/32768/1024/4/25/real_time/threads:16",6336,107752,863304,ns,,,,,
"HashMapFixture/RandomReadWrite/32768/1024/8/25/real_time/threads:4",1452,480749,1.93586e+06,ns,,,,,
"HashMapFixture/RandomReadWrite/32768/1024/8/25/real_time/threads:8",2240,307941,2.44185e+06,ns,,,,,
"HashMapFixture/RandomReadWrite/32768/1024/8/25/real_time/threads:16",2480,288146,2.45064e+06,ns,,,,,
"HashMapFixture/RandomReadWrite/32768/1024/16/25/real_time/threads:4",5496,127602,513465,ns,,,,,
"HashMapFixture/RandomReadWrite/32768/1024/16/25/real_time/threads:8",8984,78797.1,618839,ns,,,,,
"HashMapFixture/RandomReadWrite/32768/1024/16/25/real_time/threads:16",9200,73789.9,618931,ns,,,,,
"HashMapFixture/RandomReadWrite/32768/1024/1/50/real_time/threads:4",4000,125340,502690,ns,,,,,
"HashMapFixture/RandomReadWrite/32768/1024/1/50/real_time/threads:8",5192,125560,960955,ns,,,,,
"HashMapFixture/RandomReadWrite/32768/1024/1/50/real_time/threads:16",4544,145017,921748,ns,,,,,
"HashMapFixture/RandomReadWrite/32768/1024/2/50/real_time/threads:4",6132,114221,459406,ns,,,,,
"HashMapFixture/RandomReadWrite/32768/1024/2/50/real_time/threads:8",10328,66314.7,522607,ns,,,,,
"HashMapFixture/RandomReadWrite/32768/1024/2/50/real_time/threads:16",10512,62932.1,523151,ns,,,,,
"HashMapFixture/RandomReadWrite/32768/1024/4/50/real_time/threads:4",6400,109460,439741,ns,,,,,
"HashMapFixture/RandomReadWrite/32768/1024/4/50/real_time/threads:8",10952,64571.6,510561,ns,,,,,
"HashMapFixture/RandomReadWrite/32768/1024/4/50/real_time/threads:16",7968,96824.5,771219,ns,,,,,
"HashMapFixture/RandomReadWrite/32768/1024/8/50/real_time/threads:4",1716,407992,1.64177e+06,ns,,,,,
"HashMapFixture/RandomReadWrite/32768/1024/8/50/real_time/threads:8",2688,257519,2.03955e+06,ns,,,,,
"HashMapFixture/RandomReadWrite/32768/1024/8/50/real_time/threads:16",2816,243440,2.05168e+06,ns,,,,,
"HashMapFixture/RandomReadWrite/32768/1024/16/50/real_time/threads:4",5480,127161,511328,ns,,,,,
"HashMapFixture/RandomReadWrite/32768/1024/16/50/real_time/threads:8",9080,79058.4,615074,ns,,,,,
"HashMapFixture/RandomReadWrite/32768/1024/16/50/real_time/threads:16",9232,74443.1,617487,ns,,,,,
"HashMapFixture/RandomReadWrite/32768/1024/1/75/real_time/threads:4",5036,120936,485329,ns,,,,,
"HashMapFixture/RandomReadWrite/32768/1024/1/75/real_time/threads:8",5584,128595,978717,ns,,,,,
"HashMapFixture/RandomReadWrite/32768/1024/1/75/real_time/threads:16",4480,147777,939429,ns,,,,,
"HashMapFixture/RandomReadWrite/32768/1024/2/75/real_time/threads:4",6196,112971,454372,ns,,,,,
"HashMapFixture/RandomReadWrite/32768/1024/2/75/real_time/threads:8",10728,66031.1,517401,ns,,,,,
"HashMapFixture/RandomReadWrite/32768/1024/2/75/real_time/threads:16",10448,65140.2,519089,ns,,,,,
"HashMapFixture/RandomReadWrite/32768/1024/4/75/real_time/threads:4",6500,107790,433271,ns,,,,,
"HashMapFixture/RandomReadWrite/32768/1024/4/75/real_time/threads:8",11192,63004.1,499307,ns,,,,,
"HashMapFixture/RandomReadWrite/32768/1024/4/75/real_time/threads:16",8624,106168,841677,ns,,,,,
"HashMapFixture/RandomReadWrite/32768/1024/8/75/real_time/threads:4",2096,332821,1.33851e+06,ns,,,,,
"HashMapFixture/RandomReadWrite/32768/1024/8/75/real_time/threads:8",3304,207414,1.64139e+06,ns,,,,,
"HashMapFixture/RandomReadWrite/32768/1024/8/75/real_time/threads:16",3584,195339,1.65491e+06,ns,,,,,
"HashMapFixture/RandomReadWrite/32768/1024/16/75/real_time/threads:4",5480,127188,511147,ns,,,,,
"HashMapFixture/RandomReadWrite/32768/1024/16/75/real_time/threads:8",8840,77496.6,611620,ns,,,,,
"HashMapFixture/RandomReadWrite/32768/1024/16/75/real_time/threads:16",10656,75531.7,612414,ns,,,,,
"HashMapFixture/RandomReadWrite/32768/1024/1/100/real_time/threads:4",5944,117633,472066,ns,,,,,
"HashMapFixture/RandomReadWrite/32768/1024/1/100/real_time/threads:8",6104,109515,829717,ns,,,,,
"HashMapFixture/RandomReadWrite/32768/1024/1/100/real_time/threads:16",5360,128009,787491,ns,,,,,
"HashMapFixture/RandomReadWrite/32768/1024/2/100/real_time/threads:4",6296,111161,447454,ns,,,,,
"HashMapFixture/RandomReadWrite/32768/1024/2/100/real_time/threads:8",10664,64713.9,510448,ns,,,,,
"HashMapFixture/RandomReadWrite/32768/1024/2/100/real_time/threads:16",13152,64246.7,512166,ns,,,,,
"HashMapFixture/RandomReadWrite/32768/1024/4/100/real_time/threads:4",6684,104500,420186,ns,,,,,
"HashMapFixture/RandomReadWrite/32768/1024/4/100/real_time/threads:8",11360,61846.1,482675,ns,,,,,
"HashMapFixture/RandomReadWrite/32768/1024/4/100/real_time/threads:16",11792,80568.1,637200,ns,,,,,
"HashMapFixture/RandomReadWrite/32768/1024/8/100/real_time/threads:4",2760,253165,1.01684e+06,ns,,,,,
"HashMapFixture/RandomReadWrite/32768/1024/8/100/real_time/threads:8",4416,160412,1.25711e+06,ns,,,,,
"HashMapFixture/RandomReadWrite/32768/1024/8/100/real_time/threads:16",4416,148133,1.26347e+06,ns,,,,,
"HashMapFixture/RandomReadWrite/32768/1024/16/100/real_time/threads:4",5476,127227,511603,ns,,,,,
"HashMapFixture/RandomReadWrite/32768/1024/16/100/real_time/threads:8",9016,76445,604373,ns,,,,,
"HashMapFixture/RandomReadWrite/32768/1024/16/100/real_time/threads:16",10320,74767.7,606534,ns,,,,,
"HashMapFixture/RandomReadWrite/32768/16384/1/0/real_time/threads:4",284,2.29575e+06,9.17283e+06,ns,,,,,
"HashMapFixture/RandomReadWrite/32768/16384/1/0/real_time/threads:8",248,2.98756e+06,2.01199e+07,ns,,,,,
"HashMapFixture/RandomReadWrite/32768/16384/1/0/real_time/threads:16",208,3.08783e+06,2.01169e+07,ns,,,,,
"HashMapFixture/RandomReadWrite/32768/16384/2/0/real_time/threads:4",372,1.86242e+06,7.49557e+06,ns,,,,,
"HashMapFixture/RandomReadWrite/32768/16384/2/0/real_time/threads:8",640,1.08104e+06,8.53815e+06,ns,,,,,
"HashMapFixture/RandomReadWrite/32768/16384/2/0/real_time/threads:16",704,1.04186e+06,8.54433e+06,ns,,,,,
"HashMapFixture/RandomReadWrite/32768/16384/4/0/real_time/threads:4",380,1.81734e+06,7.30331e+06,ns,,,,,
"HashMapFixture/RandomReadWrite/32768/16384/4/0/real_time/threads:8",640,1.07895e+06,8.46429e+06,ns,,,,,
"HashMapFixture/RandomReadWrite/32768/16384/4/0/real_time/threads:16",560,1.41507e+06,1.09967e+07,ns,,,,,
"HashMapFixture/RandomReadWrite/32768/16384/8/0/real_time/threads:4",80,8.90268e+06,3.58671e+07,ns,,,,,
"HashMapFixture/RandomReadWrite/32768/16384/8/0/real_time/threads:8",120,5.75004e+06,4.54503e+07,ns,,,,,
"HashMapFixture/RandomReadWrite/32768/16384/8/0/real_time/threads:16",144,5.47871e+06,4.6039e+07,ns,,,,,
"HashMapFixture/RandomReadWrite/32768/16384/16/0/real_time/threads:4",344,2.03222e+06,8.17436e+06,ns,,,,,
"HashMapFixture/RandomReadWrite/32768/16384/16/0/real_time/threads:8",544,1.27301e+06,9.97994e+06,ns,,,,,
"HashMapFixture/RandomReadWrite/32768/16384/16/0/real_time/threads:16",560,1.2345e+06,1.00133e+07,ns,,,,,
"HashMapFixture/RandomReadWrite/32768/16384/1/25/real_time/threads:4",296,2.23127e+06,8.92319e+06,ns,,,,,
"HashMapFixture/RandomReadWrite/32768/16384/1/25/real_time/threads:8",272,2.68936e+06,2.00825e+07,ns,,,,,
"HashMapFixture/RandomReadWrite/32768/16384/1/25/real_time/threads:16",272,3.02254e+06,2.02115e+07,ns,,,,,
"HashMapFixture/RandomReadWrite/32768/16384/2/25/real_time/threads:4",368,1.8596e+06,7.48688e+06,ns,,,,,
"HashMapFixture/RandomReadWrite/32768/16384/2/25/real_time/threads:8",600,1.05489e+06,8.41665e+06,ns,,,,,
"HashMapFixture/RandomReadWrite/32768/16384/2/25/real_time/threads:16",720,1.04395e+06,8.41443e+06,ns,,,,,
"HashMapFixture/RandomReadWrite/32768/16384/4/25/real_time/threads:4",392,1.78347e+06,7.16511e+06,ns,,,,,
"HashMapFixture/RandomReadWrite/32768/16384/4/25/real_time/threads:8",680,1.03885e+06,8.31027e+06,ns,,,,,
"HashMapFixture/RandomReadWrite/32768/16384/4/25/real_time/threads:16",560,1.32294e+06,1.05701e+07,ns,,,,,
"HashMapFixture/RandomReadWrite/32768/16384/8/25/real_time/threads:4",92,7.57064e+06,3.0485e+07,ns,,,,,
"HashMapFixture/RandomReadWrite/32768/16384/8/25/real_time/threads:8",144,4.99935e+06,3.91096e+07,ns,,,,,
"HashMapFixture/RandomReadWrite/32768/16384/8/25/real_time/threads:16",176,4.83384e+06,3.92675e+07,ns,,,,,
"HashMapFixture/RandomReadWrite/32768/16384/16/25/real_time/threads:4",348,2.02296e+06,8.14213e+06,ns,,,,,
"HashMapFixture/RandomReadWrite/32768/16384/16/25/real_time/threads:8",568,1.23927e+06,9.94146e+06,ns,,,,,
"HashMapFixture/RandomReadWrite/32768/16384/16/25/real_time/threads:16",640,1.17469e+06,9.94968e+06,ns,,,,,
"HashMapFixture/RandomReadWrite/32768/16384/1/50/real_time/threads:4",336,2.18722e+06,8.74511e+06,ns,,,,,
"HashMapFixture/RandomReadWrite/32768/16384/1/50/real_time/threads:8",280,2.47955e+06,1.80094e+07,ns,,,,,
"HashMapFixture/RandomReadWrite/32768/16384/1/50/real_time/threads:16",240,2.92162e+06,1.96455e+07,ns,,,,,
"HashMapFixture/RandomReadWrite/32768/16384/2/50/real_time/threads:4",388,1.80854e+06,7.27456e+06,ns,,,,,
"HashMapFixture/RandomReadWrite/32768/16384/2/50/real_time/threads:8",664,1.04879e+06,8.3444e+06,ns,,,,,
"HashMapFixture/RandomReadWrite/32768/16384/2/50/real_time/threads:16",704,1.00651e+06,8.33049e+06,ns,,,,,
"HashMapFixture/RandomReadWrite/32768/16384/4/50/real_time/threads:4",396,1.77496e+06,7.13076e+06,ns,,,,,
"HashMapFixture/RandomReadWrite/32768/16384/4/50/real_time/threads:8",680,1.04608e+06,8.29881e+06,ns,,,,,
"HashMapFixture/RandomReadWrite/32768/16384/4/50/real_time/threads:16",496,1.24124e+06,1.02476e+07,ns,,,,,
"HashMapFixture/RandomReadWrite/32768/16384/8/50/real_time/threads:4",104,7.06449e+06,2.84742e+07,ns,,,,,
"HashMapFixture/RandomReadWrite/32768/16384/8/50/real_time/threads:8",168,4.19571e+06,3.31204e+07,ns,,,,,
"HashMapFixture/RandomReadWrite/32768/16384/8/50/real_time/threads:16",176,4.02179e+06,3.33686e+07,ns,,,,,
"HashMapFixture/RandomReadWrite/32768/16384/16/50/real_time/threads:4",344,2.03363e+06,8.17624e+06,ns,,,,,
"HashMapFixture/RandomReadWrite/32768/16384/16/50/real_time/threads:8",552,1.25129e+06,9.88864e+06,ns,,,,,
"HashMapFixture/RandomReadWrite/32768/16384/16/50/real_time/threads:16",576,1.1229e+06,9.89773e+06,ns,,,,,
"HashMapFixture/RandomReadWrite/32768/16384/1/75/real_time/threads:4",272,2.09979e+06,8.40178e+06,ns,,,,,
"HashMapFixture/RandomReadWrite/32768/16384/1/75/real_time/threads:8",296,2.34819e+06,1.77428e+07,ns,,,,,
"HashMapFixture/RandomReadWrite/32768/16384/1/75/real_time/threads:16",272,2.53133e+06,1.63918e+07,ns,,,,,
"HashMapFixture/RandomReadWrite/32768/16384/2/75/real_time/threads:4",384,1.80711e+06,7.27297e+06,ns,,,,,
"HashMapFixture/RandomReadWrite/32768/16384/2/75/real_time/threads:8",656,1.04854e+06,8.2879e+06,ns,,,,,
"HashMapFixture/RandomReadWrite/32768/16384/2/75/real_time/threads:16",704,1.02656e+06,8.37447e+06,ns,,,,,
"HashMapFixture/RandomReadWrite/32768/16384/4/75/real_time/threads:4",392,1.77199e+06,7.11922e+06,ns,,,,,
"HashMapFixture/RandomReadWrite/32768/16384/4/75/real_time/threads:8",664,1.04001e+06,8.17262e+06,ns,,,,,
"HashMapFixture/RandomReadWrite/32768/16384/4/75/real_time/threads:16",592,1.27928e+06,1.01746e+07,ns,,,,,
"HashMapFixture/RandomReadWrite/32768/16384/8/75/real_time/threads:4",128,5.33297e+06,2.144e+07,ns,,,,,
"HashMapFixture/RandomReadWrite/32768/16384/8/75/real_time/threads:8",208,3.37093e+06,2.67309e+07,ns,,,,,
"HashMapFixture/RandomReadWrite/32768/16384/8/75/real_time/threads:16",160,3.17628e+06,2.68586e+07,ns,,,,,
"HashMapFixture/RandomReadWrite/32768/16384/16/75/real_time/threads:4",344,2.03626e+06,8.18628e+06,ns,,,,,
"HashMapFixture/RandomReadWrite/32768/16384/16/75/real_time/threads:8",560,1.25491e+06,9.8238e+06,ns,,,,,
"HashMapFixture/RandomReadWrite/32768/16384/16/75/real_time/threads:16",608,1.20966e+06,9.83547e+06,ns,,,,,
"HashMapFixture/RandomReadWrite/32768/16384/1/100/real_time/threads:4",344,1.9862e+06,7.95007e+06,ns,,,,,
"HashMapFixture/RandomReadWrite/32768/16384/1/100/real_time/threads:8",384,2.13498e+06,1.62356e+07,ns,,,,,
"HashMapFixture/RandomReadWrite/32768/16384/1/100/real_time/threads:16",272,2.40854e+06,1.54131e+07,ns,,,,,
"HashMapFixture/RandomReadWrite/32768/16384/2/100/real_time/threads:4",388,1.78139e+06,7.173e+06,ns,,,,,
"HashMapFixture/RandomReadWrite/32768/16384/2/100/real_time/threads:8",664,1.03596e+06,8.17621e+06,ns,,,,,
"HashMapFixture/RandomReadWrite/32768/16384/2/100/real_time/threads:16",720,1.00022e+06,8.22741e+06,ns,,,,,
"HashMapFixture/RandomReadWrite/32768/16384/4/100/real_time/threads:4",396,1.73059e+06,6.95853e+06,ns,,,,,
"HashMapFixture/RandomReadWrite/32768/16384/4/100/real_time/threads:8",672,1.0194e+06,8.04446e+06,ns,,,,,
"HashMapFixture/RandomReadWrite/32768/16384/4/100/real_time/threads:16",544,1.37887e+06,1.10205e+07,ns,,,,,
"HashMapFixture/RandomReadWrite/32768/16384/8/100/real_time/threads:4",172,4.10235e+06,1.64763e+07,ns,,,,,
"HashMapFixture/RandomReadWrite/32768/16384/8/100/real_time/threads:8",272,2.54528e+06,2.01833e+07,ns,,,,,
"HashMapFixture/RandomReadWrite/32768/16384/8/100/real_time/threads:16",288,2.40092e+06,2.02402e+07,ns,,,,,
"HashMapFixture/RandomReadWrite/32768/16384/16/100/real_time/threads:4",336,2.03793e+06,8.19252e+06,ns,,,,,
"HashMapFixture/RandomReadWrite/32768/16384/16/100/real_time/threads:8",576,1.23144e+06,9.71102e+06,ns,,,,,
"HashMapFixture/RandomReadWrite/32768/16384/16/100/real_time/threads:16",592,1.21707e+06,9.71588e+06,ns,,,,,
